{"neg_linear": [490.8385152143404, 485.8044264200144, 480.7703376256884, 475.7362488313624, 470.70216003703644, 465.6680712427104, 460.6339824483844, 455.5998936540584, 450.5658048597324, 445.5317160654064, 440.4976272710804, 435.46353847675437, 430.4294496824284, 425.3953608881024, 420.3612720937764, 415.3271832994504, 410.2930945051244, 405.2590057107984, 400.22491691647235, 395.1908281221464, 390.1567393278204, 385.1226505334944, 380.08856173916837, 375.05447294484236, 370.0203841505164, 364.98629535619034, 359.9522065618644, 354.9181177675384, 349.88402897321237, 344.84994017888636, 339.81585138456035, 334.7817625902344, 329.7476737959083, 324.7135850015824, 319.67949620725636, 314.64540741293035, 309.61131861860434, 304.57722982427833, 299.5431410299524, 294.5090522356263, 289.47496344130036, 284.44087464697435, 279.40678585264834, 274.37269705832233, 269.3386082639963, 264.30451946967037, 259.2704306753443, 254.23634188101832, 249.20225308669234, 244.16816429236633, 239.13407549804032, 234.0999867037143, 229.0658979093883, 224.0318091150623, 218.99772032073633, 213.96363152641032, 208.92954273208431, 203.8954539377583, 198.8613651434323, 193.82727634910628, 188.79318755478027, 183.75909876045432, 178.7250099661283, 173.6909211718023, 168.6568323774763, 163.62274358315028, 158.58865478882427, 153.55456599449826, 148.5204772001723, 143.4863884058463, 138.4522996115203, 133.41821081719428, 128.38412202286827, 123.35003322854226, 118.31594443421625, 113.2818556398903, 108.24776684556429, 103.21367805123828, 98.17958925691227, 93.14550046258626], "pos_linear": [93.14550046258626, 98.17958925691227, 103.21367805123828, 108.24776684556429, 113.2818556398903, 118.31594443421625, 123.35003322854226, 128.38412202286827, 133.41821081719428, 138.4522996115203, 143.4863884058463, 148.5204772001723, 153.55456599449826, 158.58865478882427, 163.62274358315028, 168.6568323774763, 173.6909211718023, 178.7250099661283, 183.75909876045432, 188.79318755478027, 193.82727634910628, 198.8613651434323, 203.8954539377583, 208.92954273208431, 213.96363152641032, 218.99772032073633, 224.0318091150623, 229.0658979093883, 234.0999867037143, 239.13407549804032, 244.16816429236633, 249.20225308669234, 254.23634188101832, 259.2704306753443, 264.30451946967037, 269.3386082639963, 274.37269705832233, 279.40678585264834, 284.44087464697435, 289.47496344130036, 294.5090522356263, 299.5431410299524, 304.57722982427833, 309.61131861860434, 314.64540741293035, 319.67949620725636, 324.7135850015824, 329.7476737959083, 334.7817625902344, 339.81585138456035, 344.84994017888636, 349.88402897321237, 354.9181177675384, 359.9522065618644, 364.98629535619034, 370.0203841505164, 375.05447294484236, 380.08856173916837, 385.1226505334944, 390.1567393278204, 395.1908281221464, 400.22491691647235, 405.2590057107984, 410.2930945051244, 415.3271832994504, 420.3612720937764, 425.3953608881024, 430.4294496824284, 435.46353847675437, 440.4976272710804, 445.5317160654064, 450.5658048597324, 455.5998936540584, 460.6339824483844, 465.6680712427104, 470.70216003703644, 475.7362488313624, 480.7703376256884, 485.8044264200144, 490.8385152143404], "sinc": [151.07750476506152, 153.69014596707376, 159.63600612360784, 163.47461060186544, 161.52854661636496, 155.39214162735163, 150.64804789156074, 151.80231144521343, 158.02056361833348, 163.68500114740533, 163.45304042788621, 157.27745790375457, 150.68833865901462, 149.86132724349352, 155.85219116268786, 163.35922592956325, 165.38971956895216, 159.74575426309173, 151.33927013607752, 147.95009704875116, 153.06084826875826, 162.3359247270148, 167.25429455664073, 162.89347229682096, 152.7939981795854, 146.15315619723123, 149.50694768961841, 160.37177787432364, 168.96313864888128, 166.93021360238765, 155.37660045916664, 144.55207133117301, 144.86582509620212, 157.00895040090728, 170.43787637022035, 172.37548413315471, 159.77548687174522, 143.22093339641532, 138.27180486558171, 151.13870765365624, 171.60974020805355, 180.75470871726708, 167.92841977790539, 142.22221800126715, 126.80756674523218, 138.98947754279004, 172.4234295645868, 198.41123243911977, 188.46225616704004, 141.60326663993902, 93.145500462586256, 94.00784625844517, 172.84023498715555, 308.85734943265606, 437.93812659433377, 490.83851521434042, 437.93812659433377, 308.85734943265606, 172.84023498715555, 94.00784625844517, 93.145500462586256, 141.60326663993902, 188.46225616704004, 198.41123243911977, 172.4234295645868, 138.98947754279004, 126.80756674523218, 142.22221800126715, 167.92841977790539, 180.75470871726708, 171.60974020805355, 151.13870765365624, 138.27180486558171, 143.22093339641532, 159.77548687174522, 172.37548413315471, 170.43787637022035, 157.00895040090728, 144.86582509620212, 144.55207133117301], "neg_quad": [93.145500462586313, 107.47559587017014, 121.54275374733965, 135.34697409409478, 148.88825691043547, 162.16660219636179, 175.18200995187374, 187.93448017697131, 200.4240128716545, 212.65060803592331, 224.61426566977775, 236.31498577321778, 247.75276834624344, 258.9276133888547, 269.83952090105163, 280.48849088283407, 290.87452333420219, 300.997618255156, 310.85777564569537, 320.45499550582031, 329.78927783553092, 338.86062263482711, 347.66902990370897, 356.21449964217641, 364.4970318502294, 372.51662652786808, 380.27328367509244, 387.76700329190231, 394.99778537829786, 401.96562993427904, 408.67053695984578, 415.11250645499814, 421.29153841973613, 427.20763285405974, 432.86078975796897, 438.25100913146383, 443.37829097454431, 448.24263528721042, 452.84404206946209, 457.18251132129939, 461.25804304272236, 465.07063723373091, 468.62029389432507, 471.90701302450486, 474.93079462427028, 477.69163869362126, 480.18954523255792, 482.42451424108015, 484.39654571918805, 486.10563966688153, 487.55179608416063, 488.73501497102535, 489.6552963274757, 490.31264015351167, 490.7070464491332, 490.83851521434042, 490.7070464491332, 490.31264015351167, 489.6552963274757, 488.73501497102535, 487.55179608416063, 486.10563966688153, 484.39654571918805, 482.42451424108015, 480.18954523255792, 477.69163869362126, 474.93079462427028, 471.90701302450486, 468.62029389432507, 465.07063723373091, 461.25804304272236, 457.18251132129939, 452.84404206946209, 448.24263528721042, 443.37829097454431, 438.25100913146383, 432.86078975796897, 427.20763285405974, 421.29153841973613, 415.11250645499814], "neg_power": [490.8385152143404, 490.7747925713743, 490.5836246424758, 490.26501142764505, 489.818952926882, 489.2454491401866, 488.54450006755894, 487.71610570899895, 486.7602660645067, 485.6769811340821, 484.46625091772523, 483.12807541543606, 481.6624546272145, 480.0693885530607, 478.34887719297467, 476.50092054695625, 474.5255186150055, 472.4226713971225, 470.1923788933072, 467.8346411035596, 465.3494580278797, 462.7368296662674, 459.99675601872286, 457.1292370852461, 454.1342728658369, 451.01186336049545, 447.76200856922173, 444.38470849201565, 440.8799631288773, 437.24777247980666, 433.4881365448037, 429.6010553238684, 425.58652881700084, 421.444557024201, 417.1751399454688, 412.77827758080434, 408.2539699302075, 403.60221699367844, 398.82301877121705, 393.91637526282335, 388.88228646849734, 383.720752388239, 378.43177302204845, 373.0153483699255, 367.4714784318703, 361.80016320788275, 356.00140269796293, 350.07519690211086, 344.0215458203264, 337.8404494526097, 331.5319077989606, 325.09592085937925, 318.5324886338656, 311.8416111224197, 305.02328832504145, 298.0775202417309, 291.004306872488, 283.8036482173128, 276.47554427620537, 269.0199950491656, 261.4370005361935, 253.72656073728913, 245.88867565245243, 237.92334528168345, 229.83056962498216, 221.61034868234856, 213.26268245378265, 204.78757093928448, 196.18501413885394, 187.45501205249116, 178.597564680196, 169.6126720219686, 160.50033407780887, 151.26055084771684, 141.8933223316925, 132.39864852973585, 122.77652944184695, 113.02696506802567, 103.14995540827215, 93.14550046258631],