{"neg_linear": [421.9318261685048, 417.12099297505006, 412.31015978159536, 407.4993265881406, 402.6884933946859, 397.87766020123115, 393.06682700777645, 388.2559938143217, 383.445160620867, 378.63432742741225, 373.8234942339575, 369.0126610405028, 364.20182784704804, 359.39099465359334, 354.5801614601386, 349.76932826668383, 344.95849507322913, 340.14766187977443, 335.3368286863197, 330.5259954928649, 325.7151622994102, 320.90432910595547, 316.09349591250077, 311.282662719046, 306.47182952559126, 301.66099633213656, 296.85016313868186, 292.0393299452271, 287.22849675177235, 282.4176635583176, 277.6068303648629, 272.7959971714082, 267.98516397795345, 263.1743307844987, 258.363497591044, 253.55266439758927, 248.74183120413454, 243.9309980106798, 239.12016481722506, 234.30933162377033, 229.4984984303156, 224.68766523686088, 219.87683204340615, 215.06599884995143, 210.25516565649667, 205.44433246304195, 200.63349926958722, 195.8226660761325, 191.01183288267777, 186.20099968922304, 181.3901664957683, 176.5793333023136, 171.76850010885886, 166.9576669154041, 162.1468337219494, 157.33600052849465, 152.5251673350399, 147.7143341415852, 142.90350094813044, 138.09266775467574, 133.281834561221, 128.4710013677663, 123.66016817431154, 118.84933498085684, 114.03850178740208, 109.22766859394733, 104.41683540049263, 99.60600220703787, 94.79516901358318, 89.98433582012842, 85.17350262667372, 80.36266943321897, 75.55183623976427, 70.74100304630952, 65.93016985285476, 61.11933665940006, 56.30850346594531, 51.49767027249061, 46.686837079035854, 41.876003885581156], "pos_linear": [41.876003885581156, 46.686837079035854, 51.49767027249061, 56.30850346594531, 61.11933665940006, 65.93016985285476, 70.74100304630952, 75.55183623976427, 80.36266943321897, 85.17350262667372, 89.98433582012842, 94.79516901358318, 99.60600220703787, 104.41683540049263, 109.22766859394733, 114.03850178740208, 118.84933498085684, 123.66016817431154, 128.4710013677663, 133.281834561221, 138.09266775467574, 142.90350094813044, 147.7143341415852, 152.5251673350399, 157.33600052849465, 162.1468337219494, 166.9576669154041, 171.76850010885886, 176.5793333023136, 181.3901664957683, 186.20099968922304, 191.01183288267777, 195.8226660761325, 200.63349926958722, 205.44433246304195, 210.25516565649667, 215.06599884995143, 219.87683204340615, 224.68766523686088, 229.4984984303156, 234.30933162377033, 239.12016481722506, 243.9309980106798, 248.74183120413454, 253.55266439758927, 258.363497591044, 263.1743307844987, 267.98516397795345, 272.7959971714082, 277.6068303648629, 282.4176635583176, 287.22849675177235, 292.0393299452271, 296.85016313868186, 301.66099633213656, 306.47182952559126, 311.282662719046, 316.09349591250077, 320.90432910595547, 325.7151622994102, 330.5259954928649, 335.3368286863197, 340.14766187977443, 344.95849507322913, 349.76932826668383, 354.5801614601386, 359.39099465359334, 364.20182784704804, 369.0126610405028, 373.8234942339575, 378.63432742741225, 383.445160620867, 388.2559938143217, 393.06682700777645, 397.87766020123115, 402.6884933946859, 407.4993265881406, 412.31015978159536, 417.12099297505006, 421.9318261685048], "sinc": [108.97583762180273, 110.91628138403445, 105.52261894670443, 97.488951975221255, 94.250084515185506, 99.134180250725933, 107.99791855973308, 112.69816478119822, 108.53073958561106, 98.8791646323848, 92.532835764048912, 95.737890759043808, 106.12087918641163, 114.33122375517894, 112.38845641573505, 101.34723170067031, 91.002757028081362, 91.302596202367454, 102.9071889449508, 115.74055868575351, 117.59223594506739, 105.55103295100236, 89.730653411471167, 85.001012599087346, 97.29728419040157, 116.86045181429972, 125.59985230060227, 113.34239338413033, 88.776229806705089, 74.045199235364066, 85.686857382246728, 117.63805505601908, 142.4733310715468, 132.96557957050823, 88.184728171380868, 41.876003885581156, 42.700105713826645, 118.03637567451233, 248.02129961742705, 371.37750424104337, 421.93182616850481, 371.37750424104337, 248.02129961742705, 118.03637567451233, 42.700105713826645, 41.876003885581156, 88.184728171380868, 132.96557957050823, 142.4733310715468, 117.63805505601908, 85.686857382246728, 74.045199235364066, 88.776229806705089, 113.34239338413033, 125.59985230060227, 116.86045181429972, 97.29728419040157, 85.001012599087346, 89.730653411471167, 105.55103295100236, 117.59223594506739, 115.74055868575351, 102.9071889449508, 91.302596202367454, 91.002757028081362, 101.34723170067031, 112.38845641573505, 114.33122375517894, 106.12087918641163, 95.737890759043808, 92.532835764048912, 98.8791646323848, 108.53073958561106, 112.69816478119822, 107.99791855973308, 99.134180250725933, 94.250084515185506, 97.488951975221255, 105.52261894670443, 110.91628138403445], "neg_quad": [41.876003885581156, 60.641260110800545, 78.931446558166215, 96.74656322767828, 114.08661011933668, 130.95158723314137, 147.3414945690925, 163.25633212718992, 178.69609990743368, 193.6607979098238, 208.15042613436026, 222.16498458104306, 235.70447324987222, 248.76889214084773, 261.3582412539696, 273.47252058923777, 285.11173014665229, 296.2758699262132, 306.9649399279204, 317.17894015177399, 326.91787059777391, 336.18173126592018, 344.97052215621278, 353.28424326865172, 361.122894603237, 368.48647615996867, 375.37498793884669, 381.78842993987098, 387.72680216304167, 393.19010460835869, 398.17833727582206, 402.69150016543182, 406.72959327718786, 410.2926166110903, 413.38057016713901, 415.99345394533412, 418.13126794567557, 419.79401216816336, 420.98168661279749, 421.69429127957801, 421.93182616850481, 421.69429127957801, 420.98168661279749, 419.79401216816336, 418.13126794567557, 415.99345394533412, 413.38057016713901, 410.2926166110903, 406.72959327718786, 402.69150016543182, 398.17833727582206, 393.19010460835869, 387.72680216304167, 381.78842993987098, 375.37498793884669, 368.48647615996867, 361.122894603237, 353.28424326865172, 344.97052215621278, 336.18173126592018, 326.91787059777391, 317.17894015177399, 306.9649399279204, 296.2758699262132, 285.11173014665229, 273.47252058923777, 261.3582412539696, 248.76889214084773, 235.70447324987222, 222.16498458104306, 208.15042613436026, 193.6607979098238, 178.69609990743368, 163.25633212718992, 147.3414945690925, 130.95158723314137, 114.08661011933668, 96.74656322767828, 78.931446558166215, 60.641260110800545], "neg_power": [421.9318261685048, 421.8709295458029, 421.68823967769697, 421.3837565641872, 420.9574802052735, 420.4094106009558, 419.7395477512343, 418.9478916561088, 418.03444231557944, 416.9991997296462, 415.84216389830897, 414.5633348215678, 413.16271249942275, 411.6402969318738, 409.9960881189209, 408.23008606056413, 406.34229075680344, 404.33270220763876, 402.2013204130702, 399.94814537309776, 397.5731770877214, 395.0764155569411, 392.45786078075685, 389.7175127591687, 386.8553714921767, 383.8714369797807, 380.7657092219808, 377.538188218777, 374.18887397016925, 370.71776647615764, 367.1248657367421, 363.4101717519226, 359.5736845216992, 355.6154040460719, 351.53533032504066, 347.3334633586055, 343.00980314676644, 338.5643496895235, 333.9971029868766, 329.30806303882576, 324.49722984537107, 319.5646034065124, 314.51018372224985, 309.33397079258333, 304.03596461751295, 298.61616519703864, 293.0745725311604, 287.4111866198782, 281.6260074631922, 275.7190350611022, 269.6902694136083, 263.5397105207105, 257.2673583824087, 250.87321299870308, 244.3572743695935, 237.71954249508002, 230.96001737516264, 224.0786990098413, 217.07558739911605, 209.9506825429869, 202.70398444145383, 195.33549309451683, 187.84520850217592, 180.23313066443112, 172.49925958128236, 164.6435952527297, 156.6661376787731, 148.56688685941265, 140.3458427946482, 132.0030054844799, 123.53837492890761, 114.95195112793147, 106.2437340815514, 97.4137237897674, 88.46192025257949, 79.38832346998765, 70.1929334419919, 60.87575016859222, 51.43677364978868, 41.876003885581156],