{"neg_linear": [457.036951537603, 451.28789160486514, 445.5388316721273, 439.78977173938944, 434.0407118066516, 428.29165187391374, 422.54259194117594, 416.7935320084381, 411.04447207570024, 405.2954121429624, 399.54635221022454, 393.7972922774867, 388.04823234474884, 382.299172412011, 376.55011247927314, 370.8010525465353, 365.05199261379744, 359.3029326810596, 353.55387274832174, 347.8048128155839, 342.05575288284604, 336.30669295010824, 330.5576330173704, 324.80857308463254, 319.0595131518947, 313.31045321915684, 307.561393286419, 301.81233335368114, 296.0632734209433, 290.3142134882055, 284.56515355546765, 278.8160936227298, 273.06703368999194, 267.3179737572541, 261.56891382451624, 255.81985389177837, 250.07079395904054, 244.3217340263027, 238.57267409356484, 232.823614160827, 227.07455422808914, 221.3254942953513, 215.57643436261347, 209.82737442987562, 204.07831449713777, 198.32925456439995, 192.5801946316621, 186.83113469892425, 181.0820747661864, 175.33301483344854, 169.5839549007107, 163.83489496797284, 158.085835035235, 152.33677510249714, 146.5877151697593, 140.83865523702144, 135.0895953042836, 129.34053537154574, 123.59147543880795, 117.8424155060701, 112.09335557333225, 106.3442956405944, 100.59523570785655, 94.8461757751187, 89.09711584238084, 83.348055909643, 77.59899597690514, 71.8499360441673, 66.10087611142944, 60.35181617869159, 54.60275624595374, 48.85369631321595, 43.1046363804781, 37.35557644774025, 31.606516515002397, 25.857456582264547, 20.108396649526696, 14.359336716788846, 8.610276784050996, 2.861216851313145], "sinc_compressed": [135.27031620104037, 135.59272662470704, 138.40109860162602, 143.0839394572518, 148.543504532773, 153.45027813282047, 156.56361800603241, 157.04196239939665, 154.66587681726099, 149.91587620126262, 143.88048827986262, 138.01076244036068, 133.77569427031403, 132.2994099327916, 134.06857329479254, 138.7847864347948, 145.40427389956437, 152.3630466575591, 157.94029294581708, 160.67692246107833, 159.74908020040363, 155.20296871179158, 147.98688884094923, 139.76286474044184, 132.53307213799326, 128.16307062431468, 127.91300351118758, 132.09164417667881, 139.92434953707641, 149.67902562022255, 159.0342295826145, 165.61420616592579, 167.57115156830503, 164.07664791369814, 155.59772411959977, 143.87686189971026, 131.60077396224455, 121.81573934411722, 117.21104898612441, 119.43135054483764, 128.58293646181528, 143.06536135452859, 159.79379889178614, 174.7924851346657, 184.05365074247754, 184.48880964516457, 174.7662388502369, 155.8391171721965, 131.02300694186079, 105.56948564891377, 85.787258247878697, 77.861217741963287, 86.592199399761512, 114.30910076020876, 160.182815645522, 220.10087268610008, 287.1558905072983, 352.68083008327847, 407.65390683068199, 444.21870966864935, 457.03695153760299, 444.21881093160363, 407.65409446318671, 352.68107690485056, 287.15616176649883, 220.10113199289773, 160.18303100767497, 114.309249613171, 86.592271738461477, 77.861216851313145, 85.787199005782611, 105.56939084309136, 131.02290240627769, 155.83902673996465, 174.76618010466842, 184.48879123976167, 184.05367170457038, 174.7925361450225, 159.79386513355809, 143.06542623078474], "pos_linear": [2.861216851313145, 8.610276784050996, 14.359336716788846, 20.108396649526696, 25.857456582264547, 31.606516515002397, 37.35557644774025, 43.1046363804781, 48.85369631321595, 54.60275624595374, 60.35181617869159, 66.10087611142944, 71.8499360441673, 77.59899597690514, 83.348055909643, 89.09711584238084, 94.8461757751187, 100.59523570785655, 106.3442956405944, 112.09335557333225, 117.8424155060701, 123.59147543880795, 129.34053537154574, 135.0895953042836, 140.83865523702144, 146.5877151697593, 152.33677510249714, 158.085835035235, 163.83489496797284, 169.5839549007107, 175.33301483344854, 181.0820747661864, 186.83113469892425, 192.5801946316621, 198.32925456439995, 204.07831449713777, 209.82737442987562, 215.57643436261347, 221.3254942953513, 227.07455422808914, 232.823614160827, 238.57267409356484, 244.3217340263027, 250.07079395904054, 255.81985389177837, 261.56891382451624, 267.3179737572541, 273.06703368999194, 278.8160936227298, 284.56515355546765, 290.3142134882055, 296.0632734209433, 301.81233335368114, 307.561393286419, 313.31045321915684, 319.0595131518947, 324.80857308463254, 330.5576330173704, 336.30669295010824, 342.05575288284604, 347.8048128155839, 353.55387274832174, 359.3029326810596, 365.05199261379744, 370.8010525465353, 376.55011247927314, 382.299172412011, 388.04823234474884, 393.7972922774867, 399.54635221022454, 405.2954121429624, 411.04447207570024, 416.7935320084381, 422.54259194117594, 428.29165187391374, 434.0407118066516, 439.78977173938944, 445.5388316721273, 451.28789160486514, 457.036951537603], "sinc": [79.171754321659932, 82.613238122250834, 90.445381852331479, 95.501757415353325, 92.938317905995973, 84.85518029517948, 78.606055184684294, 80.126500976647151, 88.317451232388066, 95.778892926236153, 95.473344250825392, 87.338600299133191, 78.659127923259689, 77.569752777821748, 85.461177407262596, 95.349767742887593, 98.024421637872308, 90.589946840393338, 79.516562970935411, 75.052197841713394, 81.784300022050161, 94.00183121452568, 100.48052032075873, 94.736256947408094, 81.432793562469215, 72.685189763312565, 77.102948727964929, 91.414572171718021, 102.73148354397199, 100.05362689456501, 84.834708797405597, 70.576171645682621, 70.989461652320529, 86.984910622696077, 104.6740717471281, 107.22637235499644, 90.629111916313946, 68.822739281800239, 62.303533486229298, 79.252373409151119, 106.21770139336314, 118.2638487775244, 101.36850716976238, 67.507188240518417, 47.202344028254061, 63.248882924505381, 107.28952814747907, 141.5217842019153, 128.41656307685076, 66.691878782134381, 2.8612168513131451, 3.9971359682092498, 107.83856224701941, 287.00617837692323, 457.03695153760299, NaN, 457.03695153760299, 287.00617837692323, 107.83856224701941, 3.9971359682092498, 2.8612168513131451, 66.691878782134381, 128.41656307685076, 141.5217842019153, 107.28952814747907, 63.248882924505381, 47.202344028254061, 67.507188240518417, 101.36850716976238, 118.2638487775244, 106.21770139336314, 79.252373409151119, 62.303533486229298, 68.822739281800239, 90.629111916313946, 107.22637235499644, 104.6740717471281, 86.984910622696077, 70.989461652320529, 70.576171645682621], "neg_quad": [2.8612168513131451, 19.226557373893513, 35.291616418995318, 51.056393986618616, 66.520890076763351, 81.685104689429579, 96.549037824617244, 111.1126894823264, 125.37605966255694, 139.33914836530903, 153.00195559058255, 166.36448133837752, 179.42672560869391, 192.18868840153181, 204.65036971689119, 216.81176955477201, 228.67288791517427, 240.23372479809802, 251.49428020354324, 262.45455413150989, 273.11454658199801, 283.47425755500763, 293.53368705053867, 303.29283506859116, 312.75170160916514, 321.91028667226055, 330.76859025787746, 339.32661236601581, 347.58435299667565, 355.54181214985692, 363.19898982555964, 370.55588602378384, 377.61250074452948, 384.36883398779662, 390.82488575358519, 396.98065604189526, 402.83614485272676, 408.3913521860797, 413.64627804195413, 418.60092242035, 423.25528532126737, 427.60936674470622, 431.66316669066646, 435.41668515914819, 438.86992215015141, 442.02287766367607, 444.87555169972217, 447.42794425828976, 449.68005533937878, 451.6318849429893, 453.28343306912126, 454.63469971777465, 455.68568488894954, 456.43638858264592, 456.88681079886373, 457.03695153760299, 456.88681079886373, 456.43638858264592, 455.68568488894954, 454.63469971777465, 453.28343306912126, 451.6318849429893, 449.68005533937878, 447.42794425828976, 444.87555169972217, 442.02287766367607, 438.86992215015141, 435.41668515914819, 431.66316669066646, 427.60936674470622, 423.25528532126737, 418.60092242035, 413.64627804195413, 408.3913521860797, 402.83614485272676, 396.98065604189526, 390.82488575358519, 384.36883398779662, 377.61250074452948, 370.55588602378384],