{"neg_linear": [424.87450292158053, 420.59381289086383, 416.3131228601471, 412.0324328294304, 407.7517427987137, 403.4710527679969, 399.1903627372802, 394.9096727065635, 390.62898267584677, 386.3482926451301, 382.0676026144133, 377.7869125836966, 373.5062225529799, 369.22553252226317, 364.94484249154647, 360.66415246082977, 356.383462430113, 352.1027723993963, 347.8220823686796, 343.54139233796286, 339.26070230724616, 334.98001227652946, 330.6993222458127, 326.418632215096, 322.1379421843793, 317.85725215366256, 313.57656212294586, 309.29587209222916, 305.0151820615124, 300.7344920307957, 296.453802000079, 292.17311196936225, 287.89242193864555, 283.61173190792886, 279.3310418772121, 275.0503518464954, 270.7696618157787, 266.48897178506195, 262.20828175434525, 257.92759172362855, 253.6469016929118, 249.3662116621951, 245.08552163147837, 240.80483160076164, 236.52414157004495, 232.24345153932822, 227.9627615086115, 223.6820714778948, 219.40138144717807, 215.12069141646134, 210.84000138574464, 206.55931135502792, 202.2786213243112, 197.9979312935945, 193.71724126287776, 189.43655123216104, 185.15586120144434, 180.8751711707276, 176.59448114001088, 172.31379110929416, 168.03310107857743, 163.75241104786073, 159.47172101714403, 155.19103098642728, 150.91034095571058, 146.62965092499388, 142.34896089427713, 138.06827086356043, 133.78758083284373, 129.50689080212697, 125.22620077141028, 120.94551074069358, 116.66482070997682, 112.38413067926012, 108.10344064854343, 103.82275061782667, 99.54206058710997, 95.26137055639327, 90.98068052567652, 86.69999049495982], "pos_linear": [86.69999049495982, 90.98068052567652, 95.26137055639327, 99.54206058710997, 103.82275061782667, 108.10344064854343, 112.38413067926012, 116.66482070997682, 120.94551074069358, 125.22620077141028, 129.50689080212697, 133.78758083284373, 138.06827086356043, 142.34896089427713, 146.62965092499388, 150.91034095571058, 155.19103098642728, 159.47172101714403, 163.75241104786073, 168.03310107857743, 172.31379110929416, 176.59448114001088, 180.8751711707276, 185.15586120144434, 189.43655123216104, 193.71724126287776, 197.9979312935945, 202.2786213243112, 206.55931135502792, 210.84000138574464, 215.12069141646134, 219.40138144717807, 223.6820714778948, 227.9627615086115, 232.24345153932822, 236.52414157004495, 240.80483160076164, 245.08552163147837, 249.3662116621951, 253.6469016929118, 257.92759172362855, 262.20828175434525, 266.48897178506195, 270.7696618157787, 275.0503518464954, 279.3310418772121, 283.61173190792886, 287.89242193864555, 292.17311196936225, 296.453802000079, 300.7344920307957, 305.0151820615124, 309.29587209222916, 313.57656212294586, 317.85725215366256, 322.1379421843793, 326.418632215096, 330.6993222458127, 334.98001227652946, 339.26070230724616, 343.54139233796286, 347.8220823686796, 352.1027723993963, 356.383462430113, 360.66415246082977, 364.94484249154647, 369.22553252226317, 373.5062225529799, 377.7869125836966, 382.0676026144133, 386.3482926451301, 390.62898267584677, 394.9096727065635, 399.1903627372802, 403.4710527679969, 407.7517427987137, 412.0324328294304, 416.3131228601471, 420.59381289086383, 424.87450292158053], "sinc": [135.9619251585986, 138.18356001730416, 143.23956624524334, 146.50368743842978, 144.84887024266277, 139.63083600963199, 135.59674054781271, 136.5782576979492, 141.86588991372571, 146.68259105885556, 146.48534544398228, 141.23399696266137, 135.63100142274288, 134.92776004851441, 140.02203480250375, 146.40557116821657, 148.13218232560467, 143.33288954281966, 136.18451487838229, 133.3025634388996, 137.6484426418283, 145.53541662086195, 149.71770611897091, 146.00952194979646, 137.42152917981196, 131.77455169672317, 134.62641672992356, 143.86522282915621, 151.17080561096799, 149.44212692943023, 139.61762072352298, 130.41308424859398, 130.67988180996673, 141.00567413452478, 152.42483495363143, 154.07246148012041, 143.35817238677618, 129.28116363304014, 125.07271876282772, 136.01396845893805, 153.42131833978544, 161.19765624878931, 150.29094215671716, 128.43191539563264, 115.32421176651576, 125.68298496991292, 154.1132314265268, 176.21171503107331, 167.75169668738999, 127.90559593044526, 86.69999049495982, 87.433278126978621, 154.46765799507477, 270.1285312140709, 379.8911553012648, 424.87450292158053, 379.8911553012648, 270.1285312140709, 154.46765799507477, 87.433278126978621, 86.69999049495982, 127.90559593044526, 167.75169668738999, 176.21171503107331, 154.1132314265268, 125.68298496991292, 115.32421176651576, 128.43191539563264, 150.29094215671716, 161.19765624878931, 153.42131833978544, 136.01396845893805, 125.07271876282772, 129.28116363304014, 143.35817238677618, 154.07246148012041, 152.42483495363143, 141.00567413452478, 130.67988180996673, 130.41308424859398], "neg_quad": [86.69999049495982, 98.885452265043, 110.84732758062927, 122.58561644171857, 134.10031884831096, 145.39143480040639, 156.4589642980049, 167.30290734110645, 177.92326392971106, 188.32003406381872, 198.49321774342948, 208.44281496854327, 218.16882573916013, 227.67125005528004, 236.95008791690304, 246.00533932402908, 254.83700427665818, 263.44508277479031, 271.82957481842556, 279.99048040756384, 287.92779954220521, 295.64153222234961, 303.13167844799705, 310.39823821914763, 317.44121153580119, 324.26059839795784, 330.85639880561757, 337.22861275878029, 343.37724025744615, 349.30228130161504, 355.00373589128696, 360.48160402646204, 365.73588570714008, 370.76658093332122, 375.57368970500539, 380.15721202219265, 384.517147884883, 388.65349729307638, 392.5662602467728, 396.2554367459723, 399.72102679067484, 402.96303038088047, 405.98144751658913, 408.77627819780088, 411.34752242451572, 413.69518019673359, 415.81925151445449, 417.71973637767849, 419.39663478640551, 420.84994674063563, 422.07967224036878, 423.08581128560502, 423.86836387634429, 424.42733001258665, 424.76270969433205, 424.87450292158053, 424.76270969433205, 424.42733001258665, 423.86836387634429, 423.08581128560502, 422.07967224036878, 420.84994674063563, 419.39663478640551, 417.71973637767849, 415.81925151445449, 413.69518019673359, 411.34752242451572, 408.77627819780088, 405.98144751658913, 402.96303038088047, 399.72102679067484, 396.2554367459723, 392.5662602467728, 388.65349729307638, 384.517147884883, 380.15721202219265, 375.57368970500539, 370.76658093332122, 365.73588570714008, 360.48160402646204], "neg_power": [424.87450292158053, 424.82031697182464, 424.6577591225569, 424.38682937377735, 424.007527725486, 423.5198541776828, 422.92380873036785, 422.21939138354105, 421.4066021372024, 420.485440991352, 419.45590794598974, 418.3180030011157, 417.0717261567298, 415.7170774128321, 414.2540567694226, 412.6826642265013, 411.0028997840681, 409.21476344212317, 407.3182552006664, 405.3133750596978, 403.2001230192174, 400.9784990792252, 398.64850323972115, 396.2101355007053, 393.6633958621776, 391.0082843241381, 388.24480088658686, 385.3729455495237, 382.3927183129488, 379.30411917686206, 376.1071481412635, 372.8018052061531, 369.3880903715309, 365.86600363739694, 362.2355450037511, 358.4967144705935, 354.649512037924, 350.6939377057427, 346.62999147404963, 342.4576733428447, 338.176983312128, 333.7879213818995, 329.2904875521591, 324.68468182290695, 319.970504194143, 315.1479546658672, 310.2170332380796, 305.17773991078013, 300.0300746839689, 294.77403755764584, 289.409628531811, 283.9368476064643, 278.3556947816058, 272.6661700572355, 266.86827343335335, 260.9620049099594, 254.94736448705362, 248.82435216463603, 242.59296794270662, 236.2532118212654, 229.8050838003124, 223.24858387984753, 216.58371205987086, 209.81046834038239, 202.9288527213821, 195.93886520287, 188.84050578484607, 181.63377446731033, 174.31867125026278, 166.8951961337034, 159.3633491176322, 151.72313020204922, 143.9745393869544, 136.11757667234775, 128.15224205822932, 120.07853554459905, 111.89645713145694, 103.60600681880305, 95.20718460663733, 86.69999049495982],