{"pos_linear": [40.97342467033354, 46.40128780804781, 51.829150945762024, 57.257014083476236, 62.684877221190504, 68.11274035890472, 73.54060349661893, 78.9684666343332, 84.39632977204741, 89.82419290976162, 95.25205604747583, 100.6799191851901, 106.10778232290431, 111.53564546061853, 116.9635085983328, 122.391371736047, 127.81923487376122, 133.2470980114755, 138.6749611491897, 144.1028242869039, 149.53068742461818, 154.9585505623324, 160.3864137000466, 165.81427683776081, 171.24213997547508, 176.6700031131893, 182.0978662509035, 187.52572938861778, 192.953592526332, 198.3814556640462, 203.80931880176047, 209.23718193947468, 214.66504507718892, 220.09290821490313, 225.52077135261737, 230.94863449033159, 236.37649762804583, 241.80436076576007, 247.23222390347428, 252.66008704118852, 258.08795017890276, 263.51581331661697, 268.94367645433124, 274.37153959204545, 279.79940272975966, 285.2272658674739, 290.6551290051881, 296.08299214290236, 301.5108552806166, 306.93871841833084, 312.36658155604505, 317.79444469375926, 323.2223078314735, 328.65017096918774, 334.07803410690195, 339.5058972446162, 344.93376038233043, 350.36162352004465, 355.78948665775886, 361.2173497954731, 366.64521293318734, 372.0730760709016, 377.5009392086158, 382.92880234633003, 388.35666548404424, 393.78452862175845, 399.2123917594727, 404.64025489718694, 410.0681180349012, 415.4959811726154, 420.9238443103296, 426.35170744804384, 431.7795705857581, 437.2074337234723, 442.63529686118653, 448.0631599989008, 453.491023136615, 458.9188862743292, 464.3467494120435, 469.7746125497577], "sinc_compressed": [169.54069094549743, 169.84152557293567, 172.46196050731584, 176.83142433585289, 181.92563378103932, 186.5040447117612, 189.40903900504344, 189.85537245707127, 187.6382951903567, 183.2061659514996, 177.57466788722843, 172.09774575174288, 168.14608953473174, 166.76859856027539, 168.41936901252109, 172.81997184277827, 178.99648134470112, 185.48957107260384, 190.69358647067338, 193.24707996910723, 192.38132917346877, 188.13944474425034, 181.40626696785841, 173.73259687313083, 166.98662402498832, 162.90906424165058, 162.67573169006437, 166.57473654699498, 173.88327506175762, 182.985165477956, 191.71431656007104, 197.85395925983499, 199.67994532550392, 196.41929483827857, 188.50778300914465, 177.5712841854558, 166.11671550536585, 156.9864981558855, 152.68995497170033, 154.76167332565353, 163.30083253922004, 176.81408948498893, 192.42305527744702, 206.41802521863258, 215.05943101930382, 215.46546896583635, 206.3935353429394, 188.73302197077078, 165.57761281648089, 141.82744832715895, 123.36905314747349, 115.97342550138114, 124.12012741108583, 149.98220593722425, 192.78603892061346, 248.69436273232213, 311.26203990197007, 372.40203209289842, 423.69629508340773, 457.81417103175374, 469.77461254975771, 457.81426551816264, 423.69647015949249, 372.40226239710154, 311.26229300842863, 248.69460468623595, 192.78623987067061, 149.98234482890444, 124.12019490885962, 115.97342467033354, 123.36899786987516, 141.82735986576887, 165.57751527644842, 188.73293759028928, 206.39348052864085, 215.46545179212822, 215.05945057860754, 206.41807281536194, 192.42311708630098, 176.81415001970777], "neg_quad": [40.973424670333543, 56.424442679873096, 71.591955771806454, 86.475963946133561, 101.07646720285447, 115.39346554196914, 129.42695896347755, 143.17694746737976, 156.64343105367573, 169.82640972236544, 182.72588347344896, 195.34185230692623, 207.67431622279724, 219.72327522106207, 231.48872930172067, 242.97067846477302, 254.16912271021914, 265.08406203805902, 275.7154964482927, 286.06342594092007, 296.1278505159413, 305.90877017335629, 315.40618491316502, 324.6200947353675, 333.55049963996373, 342.19739962695382, 350.56079469633761, 358.6406848481152, 366.43707008228654, 373.94995039885168, 381.17932579781058, 388.12519627916322, 394.78756184290967, 401.16642248904986, 407.26177821758381, 413.0736290285115, 418.60197492183306, 423.84681589754831, 428.80815195565737, 433.48598309616017, 437.88030931905672, 441.99113062434708, 445.81844701203119, 449.3622584821091, 452.62256503458076, 455.59936666944617, 458.29266338670533, 460.70245518635829, 462.82874206840506, 464.67152403284553, 466.23080107967979, 467.50657320890787, 468.49884042052969, 469.20760271454526, 469.63286009095458, 469.77461254975771, 469.63286009095458, 469.20760271454526, 468.49884042052969, 467.50657320890787, 466.23080107967979, 464.67152403284553, 462.82874206840506, 460.70245518635829, 458.29266338670533, 455.59936666944617, 452.62256503458076, 449.3622584821091, 445.81844701203119, 441.99113062434708, 437.88030931905672, 433.48598309616017, 428.80815195565737, 423.84681589754831, 418.60197492183306, 413.0736290285115, 407.26177821758381, 401.16642248904986, 394.78756184290967, 388.12519627916322]}