{"pos_linear": [35.01289061030053, 40.756982695625254, 46.501074780950034, 52.24516686627476, 57.98925895159954, 63.73335103692426, 69.47744312224904, 75.22153520757377, 80.96562729289855, 86.70971937822327, 92.45381146354805, 98.19790354887277, 103.94199563419755, 109.68608771952228, 115.43017980484706, 121.17427189017178, 126.9183639754965, 132.66245606082128, 138.406548146146, 144.1506402314708, 149.8947323167955, 155.6388244021203, 161.38291648744502, 167.1270085727698, 172.87110065809452, 178.6151927434193, 184.35928482874402, 190.1033769140688, 195.84746899939353, 201.5915610847183, 207.33565317004303, 213.0797452553678, 218.82383734069253, 224.56792942601732, 230.31202151134204, 236.0561135966668, 241.80020568199154, 247.5442977673163, 253.28838985264105, 259.0324819379658, 264.77657402329055, 270.5206661086153, 276.26475819394005, 282.00885027926483, 287.75294236458956, 293.4970344499143, 299.24112653523906, 304.98521862056384, 310.72931070588857, 316.4734027912133, 322.21749487653807, 327.96158696186285, 333.7056790471876, 339.4497711325123, 345.1938632178371, 350.93795530316186, 356.6820473884866, 362.4261394738113, 368.1702315591361, 373.9143236444608, 379.6584157297856, 385.4025078151103, 391.1465999004351, 396.8906919857598, 402.6347840710846, 408.3788761564093, 414.1229682417341, 419.8670603270588, 425.6111524123836, 431.3552444977083, 437.0993365830331, 442.84342866835783, 448.5875207536826, 454.33161283900733, 460.0757049243321, 465.81979700965684, 471.5638890949816, 477.30798118030634, 483.0520732656311, 488.79616535095585], "sinc_compressed": [167.36256956481617, 167.6846462825893, 170.4901114977813, 175.16810545182688, 180.62201968944703, 185.52371460981078, 188.63383206901887, 189.11168135945996, 186.73805510774315, 181.99297090599015, 175.96382981897023, 170.1001793478875, 165.8694946192685, 164.39473828688415, 166.1620705038688, 170.87340220082712, 177.48603826807067, 184.43760845657465, 190.00908210282296, 192.74287911227617, 191.8159972002996, 187.27459109366345, 180.06598011403628, 171.85046816173912, 164.62815864365518, 160.26268023206256, 160.0128719470108, 164.1871875754852, 172.011785816047, 181.75636547345948, 191.1018864775221, 197.6750525584306, 199.62997245491374, 196.13908573195323, 187.6689379160277, 175.96020719224623, 163.69682542863023, 153.92191865836594, 149.32199431349653, 151.53999778362095, 160.68211149395955, 175.14954657807993, 191.86066960629626, 206.84383169230347, 216.0954116747219, 216.53012017295617, 206.81761257368305, 187.9100811185005, 163.11965641701306, 137.69248039531897, 117.93072828101805, 110.01289150002884, 118.73483629108347, 146.42304970394866, 192.2492837142928, 252.10532350203133, 319.0909370701583, 384.5480560767527, 439.4642337962438, 475.9911908038449, 488.79616535095585, 475.9912919619885, 439.46442123454244, 384.548302642856, 319.09120804859623, 252.10558254043752, 192.24949885353857, 146.42319840284296, 118.73490855491036, 110.01289061030053, 117.93066910023964, 137.69238568762387, 163.1195519896279, 187.90999077986908, 206.81755388891827, 216.53010178660355, 216.09543261511828, 206.8438826498628, 191.86073577950566, 175.1496113871869], "neg_quad": [35.01289061030053, 51.36408960095554, 67.41526659178203, 83.16642158278, 98.6175545739494, 113.76866556529029, 128.61975455680266, 143.17082154848646, 157.42186654034174, 171.3728895323685, 185.02389052456675, 198.37486951693643, 211.4258265094776, 224.17676150219023, 236.62767449507433, 248.77856548812989, 260.62943448135695, 272.1802814747554, 283.4311064683254, 294.3819094620668, 305.0326904559797, 315.38344945006406, 325.43418644431995, 335.18490143874726, 344.635594433346, 353.7862654281163, 362.63691442305793, 371.1875414181711, 379.4381464134558, 387.3887294089119, 395.03929040453943, 402.3898294003385, 409.440346396309, 416.190841392451, 422.64131438876444, 428.79176538524933, 434.6421943819057, 440.19260137873357, 445.4429863757329, 450.3933493729037, 455.04369037024594, 459.3940093677597, 463.44430636544485, 467.1945813633015, 470.64483436132963, 473.79506535952925, 476.6452743579003, 479.1954613564428, 481.4456263551568, 483.3957693540423, 485.0458903530992, 486.3959893523276, 487.44606635172744, 488.19612135129876, 488.64615435104156, 488.79616535095585, 488.64615435104156, 488.19612135129876, 487.44606635172744, 486.3959893523276, 485.0458903530992, 483.3957693540423, 481.4456263551568, 479.1954613564428, 476.6452743579003, 473.79506535952925, 470.64483436132963, 467.1945813633015, 463.44430636544485, 459.3940093677597, 455.04369037024594, 450.3933493729037, 445.4429863757329, 440.19260137873357, 434.6421943819057, 428.79176538524933, 422.64131438876444, 416.190841392451, 409.440346396309, 402.3898294003385]}