{"pos_linear": [15.952332477303742, 21.767532587154676, 27.58273269700561, 33.397932806856545, 39.213132916707536, 45.02833302655847, 50.843533136409405, 56.65873324626034, 62.473933356111274, 68.28913346596221, 74.10433357581314, 79.91953368566413, 85.73473379551507, 91.549933905366, 97.36513401521694, 103.18033412506787, 108.99553423491881, 114.81073434476974, 120.62593445462068, 126.44113456447161, 132.2563346743226, 138.07153478417354, 143.88673489402447, 149.7019350038754, 155.51713511372634, 161.33233522357727, 167.1475353334282, 172.9627354432792, 178.77793555313013, 184.59313566298107, 190.408335772832, 196.22353588268294, 202.03873599253387, 207.8539361023848, 213.66913621223574, 219.4843363220867, 225.29953643193764, 231.1147365417886, 236.92993665163954, 242.74513676149047, 248.5603368713414, 254.37553698119234, 260.1907370910433, 266.0059372008942, 271.82113731074514, 277.63633742059613, 283.45153753044707, 289.266737640298, 295.08193775014894, 300.8971378599999, 306.71233796985086, 312.5275380797018, 318.34273818955273, 324.15793829940367, 329.9731384092546, 335.78833851910554, 341.60353862895647, 347.4187387388074, 353.23393884865834, 359.0491389585093, 364.8643390683602, 370.6795391782112, 376.49473928806214, 382.30993939791307, 388.125139507764, 393.94033961761494, 399.75553972746593, 405.57073983731686, 411.3859399471678, 417.20114005701873, 423.01634016686967, 428.8315402767206, 434.64674038657154, 440.46194049642247, 446.2771406062734, 452.09234071612434, 457.90754082597533, 463.72274093582627, 469.5379410456772, 475.35314115552814], "sinc_compressed": [149.15253411674058, 149.47938738356765, 152.32645896606243, 157.07382976842473, 162.6086281167369, 167.5830174758549, 170.73925943828687, 171.22419545822504, 168.81536721393536, 163.99991118396946, 157.88135510180774, 151.93074393917414, 147.63731616822196, 146.14068850650693, 147.93423109065907, 152.71543405032537, 159.4261386174254, 166.48080385805395, 172.13490507626022, 174.90924557985142, 173.96861757362024, 169.35986028062092, 162.0443422131649, 153.70699035851692, 146.37757059684253, 141.94735008926472, 141.69383702997197, 145.9300597205392, 153.87070042943407, 163.75979678170415, 173.24391625329554, 179.91456547561796, 181.89847775269465, 178.3558195394225, 169.76005545164656, 157.87767874982734, 145.43242527264732, 135.5125520421925, 130.84440865799183, 133.09530616171793, 142.37300171384743, 157.0549956578601, 174.01395249238738, 189.21932191204172, 198.60810717249933, 199.04926260201228, 189.19271395157296, 170.00477492111435, 144.8466965734022, 119.04242358422397, 98.98759540091254, 90.95233338022712, 99.80362871058128, 127.9024713378011, 174.40832993019774, 235.15206291164006, 303.1311046024989, 369.55898343930704, 425.28959387701155, 462.35826281940393, 475.35314115552814, 462.35836547777035, 425.28978409510825, 369.5592336621015, 303.1313795996744, 235.1523257917075, 174.4085482600596, 127.90262224196988, 99.80370204611472, 90.95233247730374, 98.98753534245537, 119.04232747196926, 144.84659059730984, 170.0046832427186, 189.19265439648552, 199.04924394298138, 198.6081284234516, 189.21937362532555, 174.01401964697658, 157.05506142811657], "neg_quad": [15.952332477303798, 32.50594839331251, 48.75582823746788, 64.70197200976992, 80.3443797102185, 95.68305133881381, 110.71798689555567, 125.44918638044419, 139.87664979347932, 154.0003771346611, 167.8203684039895, 181.33662360146457, 194.54914272708618, 207.4579257808545, 220.06297276276942, 232.36428367283094, 244.36185851103912, 256.05569727739396, 267.4457999718953, 278.5321665945434, 289.3147971453381, 299.7936916242794, 309.96885003136737, 319.84027236660194, 329.4079586299831, 338.671908821511, 347.63212294118546, 356.2886009890065, 364.6413429649742, 372.69034886908855, 380.43561870134954, 387.87715246175713, 395.0149501503114, 401.84901176701226, 408.37933731185973, 414.60592678485386, 420.5287801859946, 426.14789751528195, 431.46327877271597, 436.4749239582966, 441.18283307202387, 445.5870061138977, 449.68744308391825, 453.4841439820854, 456.9771088083992, 460.16633756285955, 463.0518302454666, 465.63358685622023, 467.91160739512054, 469.88589186216745, 471.556440257361, 472.92325258070116, 473.98632883218795, 474.7456690118214, 475.20127311960147, 475.35314115552814, 475.20127311960147, 474.7456690118214, 473.98632883218795, 472.92325258070116, 471.556440257361, 469.88589186216745, 467.91160739512054, 465.63358685622023, 463.0518302454666, 460.16633756285955, 456.9771088083992, 453.4841439820854, 449.68744308391825, 445.5870061138977, 441.18283307202387, 436.4749239582966, 431.46327877271597, 426.14789751528195, 420.5287801859946, 414.60592678485386, 408.37933731185973, 401.84901176701226, 395.0149501503114, 387.87715246175713]}